<application>
  <component name="com.intellij.ide.ui.customization.CustomActionsSchema">
    <group value="$Paste" is_action="true" action_type="-1" position="2">
      <path value="root" />
      <path value="Solution View Popup Menu" />
      <path value="Edit" />
      <option name="myInitialPosition" value="-1" />
    </group>
    <group value="$Copy" is_action="true" action_type="-1" position="1">
      <path value="root" />
      <path value="Solution View Popup Menu" />
      <path value="Edit" />
      <option name="myInitialPosition" value="-1" />
    </group>
    <group value="$Cut" is_action="true" action_type="-1" position="0">
      <path value="root" />
      <path value="Solution View Popup Menu" />
      <path value="Edit" />
      <option name="myInitialPosition" value="-1" />
    </group>
    <group value="$Copy" is_action="true" action_type="1" position="32">
      <path value="root" />
      <path value="Solution View Popup Menu" />
      <option name="myInitialPosition" value="-1" />
    </group>
    <group value="$Cut" is_action="true" action_type="1" position="33">
      <path value="root" />
      <path value="Solution View Popup Menu" />
      <option name="myInitialPosition" value="-1" />
    </group>
    <group value="$Paste" is_action="true" action_type="1" position="34">
      <path value="root" />
      <path value="Solution View Popup Menu" />
      <option name="myInitialPosition" value="-1" />
    </group>
    <group value="RenameElement" is_action="true" action_type="1" position="35">
      <path value="root" />
      <path value="Solution View Popup Menu" />
      <option name="myInitialPosition" value="-1" />
    </group>
    <group value="$Delete" is_action="true" action_type="1" position="36">
      <path value="root" />
      <path value="Solution View Popup Menu" />
      <option name="myInitialPosition" value="-1" />
    </group>
    <group seperator="true" action_type="1" position="37">
      <path value="root" />
      <path value="Solution View Popup Menu" />
      <option name="myInitialPosition" value="-1" />
    </group>
    <group seperator="true" action_type="1" position="38">
      <path value="root" />
      <path value="Solution View Popup Menu" />
      <option name="myInitialPosition" value="-1" />
    </group>
  </component>
</application>