<application>
  <component name="StudioBotSettings">
    <option name="acceptedTermsVersion" value="3" />
    <option name="contextSharingModeV2" value="AlwaysShare" />
    <option name="onboardedVersion" value="3" />
    <option name="queryHistory">
      <list>
        <historyEntry timestamp="1740250998343">I'm getting the following error while building my project. The error is: Overload resolution ambiguity between candidates:
@Composable() fun PlaceholderContent(text: String): Unit
@Composable() @ComposableTarget(...) fun PlaceholderContent(text: String): Unit
```
$ ./gradlew :dandroid:compileDebugKotlin
e: file:///D:/Dan/Source/GitHub/StarCruiseStudios/Zeno/Zeno/dandroid/src/main/java/com/starcruisestudios/dandroid/components/PlaceholderContent.kt:39:9 Overload resolution ambiguity between candidates:
@Composable() fun PlaceholderContent(text: String): Unit
@Composable() @ComposableTarget(...) fun PlaceholderContent(text: String): Unit

```
How do I fix this?</historyEntry>
        <historyEntry timestamp="1740111832730">what should my android manifest for the library look like?</historyEntry>
        <historyEntry timestamp="1740111658583">My android library project has some resources defined, but I am not able to reference them with the R class in code. What steps should I use to debug this?</historyEntry>
        <historyEntry timestamp="1739511764042">Caused by: kotlinx.serialization.MissingFieldException: Fields [uid, createdAt, updatedAt] are required for type with serial name 'com.starcruisestudios.zeno.export.ExportQuote', but they were missing at path: $.quotes[0]</historyEntry>
        <historyEntry timestamp="1739503622628">I'm getting the following error while building my project. The error is: [ksp] D:/Dan/Source/GitHub/StarCruiseStudios/Zeno/Zeno/app/build/generated/ksp/debug/java/byRounds/4/com/starcruisestudios/zeno/ZenoApplication_HiltComponents.java:140: [Dagger/MissingBinding] androidx.activity.ComponentActivity cannot be provided without an @Inject constructor or an @Provides-annotated method.
```
$ ./gradlew :app:kspDebugKotlin
[ksp] D:/Dan/Source/GitHub/StarCruiseStudios/Zeno/Zeno/app/build/generated/ksp/debug/java/byRounds/4/com/starcruisestudios/zeno/ZenoApplication_HiltComponents.java:140: [Dagger/MissingBinding] androidx.activity.ComponentActivity cannot be provided without an @Inject constructor or an @Provides-annotated method.

    androidx.activity.ComponentActivity is injected at
        [com.starcruisestudios.zeno.ZenoApplication_HiltComponents.ViewModelC] com.starcruisestudios.zeno.ui.activities.DataImporter(activity)
    com.starcruisestudios.zeno.ui.activities.DataImporter is injected at
        [com.starcruisestudios.zeno.ZenoApplication_HiltComponents.ViewModelC] com.starcruisestudios.zeno.ui.components.pages.QuotePageViewModel(…, dataImporter, …)
    com.starcruisestudios.zeno.ui.components.pages.QuotePageViewModel is injected at
        [com.starcruisestudios.zeno.ZenoApplication_HiltComponents.ViewModelC] com.starcruisestudios.zeno.ui.components.pages.QuotePageViewModel_HiltModules.BindsModule.binds(vm)
    @dagger.hilt.android.internal.lifecycle.HiltViewModelMap java.util.Map&lt;java.lang.Class&lt;?&gt;,javax.inject.Provider&lt;androidx.lifecycle.ViewModel&gt;&gt; is requested at
        [com.starcruisestudios.zeno.ZenoApplication_HiltComponents.ViewModelC] dagger.hilt.android.internal.lifecycle.HiltViewModelFactory.ViewModelFactoriesEntryPoint.getHiltViewModelMap() [com.starcruisestudios.zeno.ZenoApplication_HiltComponents.SingletonC → com.starcruisestudios.zeno.ZenoApplication_HiltComponents.ActivityRetainedC → com.starcruisestudios.zeno.ZenoApplication_HiltComponents.ViewModelC]
```
How do I fix this?</historyEntry>
        <historyEntry timestamp="1739248961081">Do I need to put both the extra_stream and extra_text here? I just want it to provide the json file
fun exportFile(context: Context) {
    var file = File(context.cacheDir, &quot;quote.json&quot;).apply{
        writeText(&quot;{\&quot;Hello\&quot; = \&quot;File!\&quot;}&quot;)
    }
    val uri = FileProvider.getUriForFile(context, context.packageName + &quot;.provider&quot;, file)
    val intent = Intent(Intent.ACTION_SEND).apply {
        type = &quot;application/json&quot;
        putExtra(Intent.EXTRA_STREAM, uri)
        putExtra(Intent.EXTRA_TEXT, &quot;Hello, World!&quot;)
        addFlags(Intent.FLAG_GRANT_READ_URI_PERMISSION)
    }

    context.startActivity(Intent.createChooser(intent, &quot;Export&quot;))
}</historyEntry>
        <historyEntry timestamp="1739248840985">If I wanted this to open only a json file instead of any text file, what would I change?</historyEntry>
        <historyEntry timestamp="1739248726691">The intent is not used after it is created, wouldn't I need to pass it to something to use it?</historyEntry>
        <historyEntry timestamp="1739248616099">fun importFile(activity: ComponentActivity) {
    val openDocumentLauncher = activity.registerForActivityResult(ActivityResultContracts.OpenDocument()) { uri: Uri? -&gt;
        uri?.let {
            activity.contentResolver.openInputStream(uri)?.use { inputStream -&gt;
                BufferedReader(InputStreamReader(inputStream)).use { reader -&gt;
                    val content = reader.readText()
                    Toast.makeText(activity, content, Toast.LENGTH_LONG).show()
                }
            }
        }
    }

    val intent = Intent(Intent.ACTION_OPEN_DOCUMENT).apply {
        addCategory(Intent.CATEGORY_OPENABLE)
        type = &quot;text/plain&quot;
    }
    openDocumentLauncher.launch(arrayOf(&quot;text/plain&quot;))
}</historyEntry>
        <historyEntry timestamp="1739248597165">Do I need this intent for anything?</historyEntry>
        <historyEntry timestamp="1739167860355">Explain: FATAL EXCEPTION: main
Process: com.starcruisestudios.zeno, PID: 28614
java.time.format.DateTimeParseException: Text '2025-02-10 06:06:27' could not be parsed: Unable to obtain Instant from TemporalAccessor: {},ISO resolved to 2025-02-10T06:06:27 of type java.time.format.Parsed
at java.time.format.DateTimeFormatter.createError(DateTimeFormatter.java:2021)
at java.time.format.DateTimeFormatter.parse(DateTimeFormatter.java:1956) with tag AndroidRuntime</historyEntry>
        <historyEntry timestamp="1739167314037">what is a default TIMESTAMP string look like?</historyEntry>
        <historyEntry timestamp="1739166725885">Can I drop a default?
add column as non null with default of 0
Update all columns that use 0 to use CURRENT_TIMESTAMP
Then drop the default from the column?</historyEntry>
        <historyEntry timestamp="1739166674348">Ah, what you're trying to say is that I can't alter the nullability without creating a new table?</historyEntry>
        <historyEntry timestamp="1739166615463">I havent performed migration 1_2 yet. I would like to update migration 1_2 to a 3 step migration
add the columns as nullable, no default
Set all null values to the current time
alter the column to be non null</historyEntry>
        <historyEntry timestamp="1739166539580">I spoke too early. The third step would be to alter the row to set the column to be non nullable for all future inserts</historyEntry>
        <historyEntry timestamp="1739166489341">Can I do a 3 step migration
Create the column as nullable with no default
update all rows with null to use the current timestamp</historyEntry>
        <historyEntry timestamp="1739166284730">android.database.sqlite.SQLiteException: Cannot add a column with non-constant default (code 1 SQLITE_ERROR)</historyEntry>
        <historyEntry timestamp="1739166026317">`ADD COLUMN updated_at TIMESTAMP NOT NULL DEFAULT CURRENT_TIMESTAMP` Will that default value be in UTC or is that local time?</historyEntry>
        <historyEntry timestamp="1739165788055">How would I update the type converter if I wanted the column to use type TIMESTAMP?</historyEntry>
        <historyEntry timestamp="1739165661797">Here is the code that I have. Will this all work correctly?
```
@Entity
data class QuoteEntity(
    @PrimaryKey(autoGenerate = true) override val uid: QuoteId,
    @ColumnInfo(name = &quot;text&quot;) override val text: String,
    @ColumnInfo(name = &quot;created_at&quot;, defaultValue = &quot;CURRENT_TIMESTAMP&quot;) override val createdAt: Instant = Instant.now(),
    @ColumnInfo(name = &quot;updated_at&quot;, defaultValue = &quot;CURRENT_TIMESTAMP&quot;) override val updatedAt: Instant = Instant.now(),
) : Quote

@Database(
    entities = [
        QuoteEntity::class,
    ],
    version = 2,
    exportSchema = true,
)
@TypeConverters(InstantConverter::class)
abstract class AppDatabase : RoomDatabase() {
    abstract fun quoteDao(): QuoteDao

    companion object {
        val MIGRATION_1_2 = object : Migration(1, 2) {
            override fun migrate(database: SupportSQLiteDatabase) {
                database.execSQL(&quot;ALTER TABLE QuoteEntity ADD COLUMN created_at TIMESTAMP NOT NULL DEFAULT CURRENT_TIMESTAMP&quot;)
                database.execSQL(&quot;ALTER TABLE QuoteEntity ADD COLUMN updated_at TIMESTAMP NOT NULL DEFAULT CURRENT_TIMESTAMP&quot;)
            }
        }
    }
}

class InstantConverter {
    @TypeConverter
    fun toInstant(value: Long?): Instant? {
        return value?.let { Instant.ofEpochSecond(it) }
    }

    @TypeConverter
    fun fromInstant(date: Instant?): Long? {
        return date?.epochSecond
    }
}
```</historyEntry>
        <historyEntry timestamp="1739165608141">will these column info and instant converter and migration all work together?</historyEntry>
        <historyEntry timestamp="1739165478938">what value is provided for CURRENT_TIMESTAMP here?</historyEntry>
        <historyEntry timestamp="1739165425242">Can I define the column with a default value that is an int</historyEntry>
        <historyEntry timestamp="1739165158795">Is there a type converter already defined for Date? Can I use a different type or different column value instead?</historyEntry>
        <historyEntry timestamp="1739165099764">I'm getting the following error while building my project. The error is: [ksp] D:/Dan/Source/GitHub/StarCruiseStudios/Zeno/Zeno/app/src/main/java/com/starcruisestudios/zeno/data/quote/QuoteDao.kt:18: Cannot figure out how to save this field into database. You can consider adding a type converter for it.
```
$ ./gradlew :app:kspDebugKotlin
[ksp] D:/Dan/Source/GitHub/StarCruiseStudios/Zeno/Zeno/app/src/main/java/com/starcruisestudios/zeno/data/quote/QuoteDao.kt:18: Cannot figure out how to save this field into database. You can consider adding a type converter for it.
```
How do I fix this?</historyEntry>
        <historyEntry timestamp="1739135033542">Explain: FATAL EXCEPTION: main
Process: com.starcruisestudios.zeno, PID: 25710
android.os.FileUriExposedException: file:///data/user/0/com.starcruisestudios.zeno/cache/zeno5658557866352054094/quote.txt exposed beyond app through ClipData.Item.getUri()
at android.os.StrictMode.onFileUriExposed(StrictMode.java:2263)
at android.net.Uri.checkFileUriExposed(Uri.java:2402) with tag AndroidRuntime</historyEntry>
        <historyEntry timestamp="1739050039957">Can I simplify this cast? Why do I need to cast it again inside of the if block</historyEntry>
        <historyEntry timestamp="1739049068953">how can I simplify this viewmodel?</historyEntry>
      </list>
    </option>
  </component>
</application>