<application>
  <component name="Trusted.Paths">
    <option name="TRUSTED_PROJECT_PATHS">
      <map>
        <entry key="C:\Users\dangr\AndroidStudioProjects\MyApplication" value="true" />
        <entry key="C:\Users\dangr\Desktop\Balance" value="true" />
        <entry key="C:\Users\dangr\Desktop\BalanceLib" value="true" />
        <entry key="C:\Users\dangr\Desktop\multiplatform-library-template-main" value="true" />
        <entry key="D:\Dan\Source\GitHub\Dangerdan9631\Balance" value="true" />
        <entry key="D:\Dan\Source\GitHub\LawnchairLauncher\lawnchair" value="true" />
        <entry key="D:\Dan\Source\GitHub\StarCruiseStudios\Flourish" value="true" />
        <entry key="D:\Dan\Source\GitHub\StarCruiseStudios\Mediatrix" value="true" />
        <entry key="D:\Dan\Source\GitHub\StarCruiseStudios\TimeCraft\TimeCraft" value="true" />
        <entry key="D:\Dan\Source\GitHub\StarCruiseStudios\Zeno\Zeno" value="true" />
        <entry key="D:\Dan\Source\GitHub\Workspaces\Balance\Balance" value="true" />
      </map>
    </option>
  </component>
  <component name="Trusted.Paths.Settings">
    <option name="TRUSTED_PATHS">
      <list>
        <option value="D:\Dan\Source\GitHub\StarCruiseStudios" />
        <option value="D:\Dan\Source\GitHub\Dangerdan9631" />
        <option value="D:\Dan\Source\GitHub\LawnchairLauncher" />
        <option value="D:\Dan\Source\GitHub\Workspaces\Balance" />
      </list>
    </option>
  </component>
</application>