<application>
  <component name="DimensionService">
    <location key="WELCOME_SCREEN.3840.0.1920.1080" x="5022" y="237" />
    <location key="find.popup.1920.0.1920.1080" x="724" y="127" />
    <location key="find.popup.0.0.1920.1080" x="724" y="127" />
    <location key="find.popup.-1920.0.1920.1080" x="-1196" y="127" />
    <size key="find.popup.1920.0.1920.1080" width="1128" height="768" />
    <size key="find.popup.0.0.1920.1080" width="1066" height="578" />
    <size key="GridCell.Tab.0.left.0.0.1920.1080" width="1854" height="214" />
    <size key="GridCell.Tab.0.center.0.0.1920.1080" width="1854" height="214" />
    <size key="GridCell.Tab.0.right.0.0.1920.1080" width="1854" height="214" />
    <size key="GridCell.Tab.0.bottom.0.0.1920.1080" width="1854" height="214" />
    <size key="GridCell.Tab.0.left.1920.0.1920.1080" width="1836" height="165" />
    <size key="GridCell.Tab.0.center.1920.0.1920.1080" width="1836" height="165" />
    <size key="GridCell.Tab.0.right.1920.0.1920.1080" width="1836" height="165" />
    <size key="GridCell.Tab.0.bottom.1920.0.1920.1080" width="1836" height="165" />
    <size key="find.popup.-1920.0.1920.1080" width="670" height="578" />
    <size key="GridCell.Tab.1.left.0.0.1920.1080" width="1854" height="529" />
    <size key="GridCell.Tab.1.center.0.0.1920.1080" width="1854" height="529" />
    <size key="GridCell.Tab.1.right.0.0.1920.1080" width="1854" height="529" />
    <size key="GridCell.Tab.1.bottom.0.0.1920.1080" width="1854" height="529" />
    <size key="GridCell.Tab.0.left.-1920.0.1920.1080" width="1854" height="308" />
    <size key="GridCell.Tab.0.center.-1920.0.1920.1080" width="1854" height="308" />
    <size key="GridCell.Tab.0.right.-1920.0.1920.1080" width="1854" height="308" />
    <size key="GridCell.Tab.0.bottom.-1920.0.1920.1080" width="1854" height="308" />
  </component>
  <component name="WindowManager">
    <frame x="-7" y="9" width="1918" height="1030" extendedState="6" />
  </component>
  <component name="WindowStateApplicationService">
    <state width="583" height="139" key="ShowUsagesActions.dimensionServiceKey" timestamp="1768117147423">
      <screen x="0" y="0" width="1920" height="1032" />
    </state>
    <state width="583" height="139" key="ShowUsagesActions.dimensionServiceKey/0.0.1920.1032/3840.0.1920.1032/1920.0.1920.1032/-1920.0.1920.1032" timestamp="1768117147423" />
    <state width="511" height="95" key="ShowUsagesActions.dimensionServiceKey/1920.0.1920.1032/-1920.0.1920.1032/0.0.1920.1032/3840.0.1920.1032" timestamp="1767729822919" />
  </component>
</application>